JOB_NAME,JOB_ROLE
"Associate, International Strategy and Operations",Data Science/Artificial Intelligence
"Python Developer (2- 4 years) ""Permanent WFH""",Software Development
Software Engineer (Python),Software Development
Software Engineer,Software Development
Business Systems Analyst - Python & SQL,Software Development
Python Developer,Software Development
Python Developer (Application Development),Software Development
Hiring||Odoo/Python Freshers/Jr Resources||Sailotech Pvt Ltd...,Software Development
Python Developer,Software Development
Python Developer,Data Science/Artificial Intelligence
Artificial Intelligence,Data Science/Artificial Intelligence
python resources,Software Development
Python Developer,Software Development
Python Software Engineer,Software Development
Python Developer,Software Development
Python Developer,Data Science/Artificial Intelligence
Python Developer,Data Science/Artificial Intelligence
Software Engineer,Data Science/Artificial Intelligence
JOB_NAME,Data Science/Artificial Intelligence
Data Scientist Intern,Software Development
Data Engineer,Data Science/Artificial Intelligence
"Junior Analyst, Data Quality Assurance",Data Science/Artificial Intelligence
Machine Learning Engineer,Data Science/Artificial Intelligence
Software Developer,Data Science/Artificial Intelligence
AI Researcher (NLP),Data Science/Artificial Intelligence
Senior Data Analyst,Software Development
Big Data Engineer,Data Science/Artificial Intelligence
Data Entry Specialist (Contract),Data Science/Artificial Intelligence
Research Scientist,Data Science/Artificial Intelligence
Junior Python Developer,Data Science/Artificial Intelligence
Data Visualization Expert,Data Science/Artificial Intelligence
Senior Machine Learning Researcher,Software Development
Data Analyst Intern,Data Science/Artificial Intelligence
AI Ethics Consultant,Data Science/Artificial Intelligence
Machine Learning Specialist,Data Science/Artificial Intelligence
Data Engineer (Contract),Data Science/Artificial Intelligence
NLP Research Assistant,Data Science/Artificial Intelligence
Senior Data Scientist,Data Science/Artificial Intelligence
Junior Data Analyst,Data Science/Artificial Intelligence
AI Product Manager,Data Science/Artificial Intelligence
Data Governance Specialist,Data Science/Artificial Intelligence
Machine Learning Operations Engineer,Data Science/Artificial Intelligence
Data Quality Analyst,Data Science/Artificial Intelligence
AI Chatbot Developer,Data Science/Artificial Intelligence
Data Science Intern,Data Science/Artificial Intelligence
Machine Learning Researcher,Data Science/Artificial Intelligence
JOB_NAME,Data Science/Artificial Intelligence
Data Scientist,Data Science/Artificial Intelligence
AI Research Assistant,Data Science/Artificial Intelligence
Machine Learning Specialist,Data Science/Artificial Intelligence
Data Engineer,Data Science/Artificial Intelligence
AI Ethics Analyst,Data Science/Artificial Intelligence
Data Analyst,Data Science/Artificial Intelligence
Machine Learning Engineer,Data Science/Artificial Intelligence
AI Product Manager,Data Science/Artificial Intelligence
Data Science Intern,Data Science/Artificial Intelligence
Machine Learning Researcher,Data Science/Artificial Intelligence
