JOB_NAME,COMPANY,LOCATION,POSTED,APPLY_LINK
"Associate, International Strategy and Operations",Indeed,"Hyderabad, Telangana",30+ days ago,https://in.indeed.com/viewjob?jk=6fada2a8d2fd745f
"Python Developer (2- 4 years) ""Permanent WFH""",Maplelabs,"Bengaluru, Karnataka•Remote",25 days ago,https://in.indeed.com/viewjob?jk=b019e0f447a23638
Software Engineer (Python),SEOReseller.com,"Mumbai, Maharashtra•Remote",13 days ago,https://in.indeed.com/viewjob?jk=dd2ebce3404c68c9
Software Engineer,Indeed,"Hyderabad, Telangana",30+ days ago,https://in.indeed.com/viewjob?jk=55c9294c62f01e1a
Business Systems Analyst - Python & SQL,NUKG Business Solutions,"Hyderabad, Telangana•Temporarily Remote",30+ days ago,https://in.indeed.com/viewjob?jk=9ed651a95a53e6d7
Python Developer,www.yansisofsol.com,"Hyderabad, Telangana•Remote",9 days ago,https://in.indeed.com/viewjob?jk=745da72d7231c09e
Python Developer (Application Development),Morgan Stanley,"Bengaluru, Karnataka",7 days ago,https://in.indeed.com/viewjob?jk=6103a62d6c5321f3
Hiring||Odoo/Python Freshers/Jr Resources||Sailotech Pvt Ltd...,Sailotech,"Hyderabad, Telangana",16 days ago,https://in.indeed.com/viewjob?jk=cc63c58613685e02
Python Developer,DATADOT SOFTWARE SOLUTIONS,"Hyderabad, Telangana",3 days ago,https://in.indeed.com/viewjob?jk=cd1d59b699b1b826
Python Developer,Vouchpro Services Private Limited,"Hyderabad, Telangana",10 days ago,https://in.indeed.com/viewjob?jk=b5ce322b58ea0c64
Artificial Intelligence,RetrieveAI,"Hyderabad, Telangana•Remote",3 days ago,https://in.indeed.com/viewjob?jk=eb7e07c66cbc4ce6
python resources,Globex Digital Solutions,"Hyderabad, Telangana",30+ days ago,https://in.indeed.com/viewjob?jk=741d7923fdccafcb
Python Developer,Talos Global,"Hyderabad, Telangana+2 Locations•Remote",10 days ago,https://in.indeed.com/viewjob?jk=73fb0a25aa65bdc9
Python Software Engineer,NCR,"Hyderabad, Telangana",4 days ago,https://in.indeed.com/viewjob?jk=805e64da661e3448
Python Developer,Achala IT solutions,"Hyderabad, Telangana",10 days ago,https://in.indeed.com/viewjob?jk=4565887619e3b70b
Python Developer,Achala IT solutions,"Hyderabad, Telangana",10 days ago,https://in.indeed.com/viewjob?jk=4565887619e3b70b
,Indeed,"Hyderabad, Telangana",,
Software Engineer,Maplelabs,"Bengaluru, Karnataka•Remote",27 days ago,https://in.indeed.com/viewjob?jk=x023e0f447a2325142
JOB_NAME,COMPANY,LOCATION,POSTED,APPLY_LINK
"Data Scientist Intern",XYZ Analytics,"Mumbai, Maharashtra",15 days ago,https://in.indeed.com/viewjob?jk=6d2f1e4b89c1123f
Data Engineer,ABC Solutions,"Pune, Maharashtra�Remote",22 days ago,https://in.indeed.com/viewjob?jk=8b76a2e0f54321dc
"Junior Analyst, Data Quality Assurance",TechCorp,"Chennai, Tamil Nadu",9 days ago,https://in.indeed.com/viewjob?jk=9457bda1e3256fea
Machine Learning Engineer,MLTech,"Bengaluru, Karnataka",11 days ago,https://in.indeed.com/viewjob?jk=f72b45d6e7a89012
Software Developer,123Soft,"New Delhi, Delhi",18 days ago,https://in.indeed.com/viewjob?jk=1209a3b4c5e678fe
"AI Researcher (NLP)",Linguix Labs,"Mumbai, Maharashtra�Remote",6 days ago,https://in.indeed.com/viewjob?jk=b3410e890def5678
Senior Data Analyst,DataVista,"Hyderabad, Telangana",20 days ago,https://in.indeed.com/viewjob?jk=74a1e2d3b5c45678
Big Data Engineer,TechGlobe,"Chennai, Tamil Nadu",30+ days ago,https://in.indeed.com/viewjob?jk=e87654d3c2b1a098
"Data Entry Specialist (Contract)","DataWave Services","Kolkata, West Bengal",5 days ago,https://in.indeed.com/viewjob?jk=234f1e5678b90cde
Research Scientist,SciTech Research,"Bengaluru, Karnataka",8 days ago,https://in.indeed.com/viewjob?jk=789cde0123f4567a
"Junior Python Developer",CodeCrafters,"Pune, Maharashtra�Remote",14 days ago,https://in.indeed.com/viewjob?jk=cde0123f4567a890
Data Visualization Expert,VizInsights,"Mumbai, Maharashtra",10 days ago,https://in.indeed.com/viewjob?jk=123f4567a890cde0
Senior Machine Learning Researcher,MLab,"Bengaluru, Karnataka",19 days ago,https://in.indeed.com/viewjob?jk=4567a890cde0123f
"Data Analyst Intern",DataGenius,"Chennai, Tamil Nadu",12 days ago,https://in.indeed.com/viewjob?jk=890cde0123f4567a
AI Ethics Consultant,EthiTech,"New Delhi, Delhi",25 days ago,https://in.indeed.com/viewjob?jk=567a890cde0123f45
Machine Learning Specialist,RoboMind,"Pune, Maharashtra�Remote",7 days ago,https://in.indeed.com/viewjob?jk=67890cde0123f456
"Data Engineer (Contract)",DataPulse,"Mumbai, Maharashtra",21 days ago,https://in.indeed.com/viewjob?jk=7890cde0123f4567
NLP Research Assistant,TextIntel,"Bengaluru, Karnataka",13 days ago,https://in.indeed.com/viewjob?jk=890cde0123f4567a
"Senior Data Scientist","TechAnalytica Solutions","Hyderabad, Telangana",16 days ago,https://in.indeed.com/viewjob?jk=0123f4567a890cde
Junior Data Analyst,InfoInsights,"Chennai, Tamil Nadu",30+ days ago,https://in.indeed.com/viewjob?jk=123f4567a890cde0
"AI Product Manager",AIInnovate,"Mumbai, Maharashtra�Remote",9 days ago,https://in.indeed.com/viewjob?jk=234f567a890cde01
Data Governance Specialist,DataTrust,"Bengaluru, Karnataka",6 days ago,https://in.indeed.com/viewjob?jk=890cde0123f4567a
Machine Learning Operations Engineer,MLOpsTech,"Pune, Maharashtra�Remote",15 days ago,https://in.indeed.com/viewjob?jk=67890cde0123f456
"Data Quality Analyst",DataFluent,"Mumbai, Maharashtra",11 days ago,https://in.indeed.com/viewjob?jk=7890cde0123f4567
AI Chatbot Developer,BotTech,"Hyderabad, Telangana",18 days ago,https://in.indeed.com/viewjob?jk=0123f4567a890cde
Data Science Intern,DataCraft,"Chennai, Tamil Nadu",20 days ago,https://in.indeed.com/viewjob?jk=123f4567a890cde0
"Machine Learning Researcher",MLInnovations,"Bengaluru, Karnataka",5 days ago,https://in.indeed.com/viewjob?jk=890cde0123f4567a
JOB_NAME,COMPANY,LOCATION,POSTED,APPLY_LINK
"Data Scientist",DataSolutions,"Bengaluru, Karnataka",9 days ago,https://in.indeed.com/viewjob?jk=0123456789abcdef
AI Research Assistant,AIResearch,"Chennai, Tamil Nadu",12 days ago,https://in.indeed.com/viewjob?jk=23456789abcdef01
"Machine Learning Specialist",MLExperts,"Mumbai, Maharashtra",6 days ago,https://in.indeed.com/viewjob?jk=3456789abcdef012
Data Engineer,DataWave,"Hyderabad, Telangana",15 days ago,https://in.indeed.com/viewjob?jk=456789abcdef0123
"AI Ethics Analyst",EthiTech,"Pune, Maharashtra",8 days ago,https://in.indeed.com/viewjob?jk=56789abcdef01234
Data Analyst,InfoInsights,"New Delhi, Delhi",30+ days ago,https://in.indeed.com/viewjob?jk=6789abcdef012345
"Machine Learning Engineer",MLInnovate,"Bengaluru, Karnataka",4 days ago,https://in.indeed.com/viewjob?jk=789abcdef0123456
AI Product Manager,AIPM,"Mumbai, Maharashtra�Remote",11 days ago,https://in.indeed.com/viewjob?jk=89abcdef01234567
"Data Science Intern",DataMinds,"Chennai, Tamil Nadu",13 days ago,https://in.indeed.com/viewjob?jk=9abcdef012345678
Machine Learning Researcher,MLInsights,"Hyderabad, Telangana",20 days ago,https://in.indeed.com/viewjob?jk=abcdef0123456789a


